Codigo,Descripcion,CodigoGrupo
"*****","CODIGO ERRONEO - PARA DEPURAR","X"
"01111","CULTIVO DE CEREALES","A"
"01112","CULTIVO DE OLEAGINOSAS","A"
"01113","CULTIVOS SACARINOS","A"
"01114","CULTIVO DE PLANTAS PARA LA OBTENCION DE FIBRAS","A"
"01115","CULTIVO FORRAJERO (PARA EL PASTOREO O LA HENIFICACION FORRAJE VERDE O ENSILAJE)","A"
"01119","OTROS CULTIVOS NCP","A"
"01121","CULTIVO DE HORTALIZAS DE RAIZ Y TUBERCULO","A"
"01122","CULTIVO DE HORTALIZAS DE FLOR Y FRUTO","A"
"01123","CULTIVO DE HORTALIZAS DE HOJA","A"
"01124","CULTIVO DE HORTALIZAS DE BULBO","A"
"01125","CULTIVO DE LEGUMBRES","A"
"01126","CULTIVO DE FLORES Y PLANTAS ORNAMENTALES","A"
"01127","PRODUCCION DE SEMILLAS Y OTRAS FORMAS DE PROPAGACION DE CULTIVOS AGRICOLAS","A"
"01129","OTROS CULTIVOS DE HORTALIZAS LEGUMBRES Y ESPECIALIDADES HORTICOLAS Y RECOLECCIONES NCP","A"
"01131","CULTIVO DE FRUTAS DE CAROZO","A"
"01132","CULTIVO DE FRUTAS CITRICAS","A"
"01133","CULTIVO DE FRUTAS DE PEPITA","A"
"01134","CULTIVO DE FRUTAS SECAS","A"
"01135","CULTIVOS DE PLANTAS PARA BEBIDAS Y ESTIMULANTES","A"
"01136","CULTIVO DE ESPECIAS Y DE PLANTAS AROMATICAS Y MEDICINALES","A"
"01139","OTRAS FRUTAS CULTIVADAS NCP","A"
"01211","CRIA DE GANADO VACUNO","A"
"01212","CRIA DE GANADO OVINO CAPRINO Y EQUINOS","A"
"01213","CRIA DE GANADO CAMELIDO","A"
"01214","PRODUCCION DE LECHE  CRUDA","A"
"01215","PRODUCCION DE LANA FIBRA PELO DE ANIMALES (ESQUILA)","A"
"01221","CRIA DE AVES","A"
"01222","CRIA DE GANADO PORCINO","A"
"01223","PRODUCCION DE HUEVOS","A"
"01224","APICULTURA","A"
"01229","CRIA DE ANIMALES Y OBTENCION DE PRODUCTOS DE ORIGEN ANIMAL NCP","A"
"01300","CULTIVOS DE PRODUCTOS AGRICOLAS EN COMBINACION CON LA CRIA DE ANIMALES (EXPLOTACION MIXTA)","A"
"01401","ACTIVIDADES DE SERVICIOS AGRICOLAS","A"
"01402","ACTIVIDADES DE SERVICIOS GANADEROS EXCEPTO LAS ACTIVIDADES VETERINARIAS","A"
"02001","CAZA  Y CAPTURA DE ANIMALES VIVOS Y REPOBLACION  DE ANIMALES DE CAZA Y SERVICIOS CONEXOS","B"
"02002","SERVICIOS PARA LA CAZA","B"
"03001","EXTRACCION DE PRODUCTOS FORESTALES DE BOSQUES CULTIVADOS","B"
"03002","EXTRACCION DE PRODUCTOS FORESTALES DE BOSQUES NATIVOS","B"
"03003","RECOLECCION DE PRODUCTOS FORESTALES SILVESTRES","B"
"03004","SERVICIOS FORESTALES DE EXTRACCION DE MADERA","B"
"03009","OTROS SERVICIOS FORESTALES","B"
"05001","PESCA  LACUSTRE","B"
"05002","PESCA FLUVIAL","B"
"05003","EXPLOTACION DE CRIADEROS DE PECES Y GRANJAS PISCICOLAS","B"
"05004","ACTIVIDADES DE SERVICIOS RELACIONADAS CON LA PESCA","B"
"10100","EXTRACCION Y AGLOMERACION DE CARBON DE PIEDRA","D"
"10200","EXTRACCION Y AGLOMERACION DE LIGNITO","D"
"10300","EXTRACCION Y AGLOMERACION DE TURBA","D"
"11100","EXTRACCION DE PETROLEO CRUDO Y GAS NATURAL","C"
"11200","ACTIVIDADES DE SERVICIOS RELACIONADAS CON LA EXTRACCION DE PETROLEO Y GAS EXCEPTO LAS ACTIVIDADES DE PROSPECCION","C"
"12000","EXTRACCION DE MINERALES DE URANIO Y TORIO","D"
"13100","EXTRACCION DE MINERALES DE HIERRO","D"
"13201","EXTRACCION DE MINERALES METALICOS NO FERROSOS EXCEPTO LOS MINERALES DE URANIO Y TORIO","D"
"13202","EXTRACCION DE METALES PRECIOSOS","D"
"14101","EXTRACCION DE PIEDRAS","D"
"14102","EXTRACCION DE ARENAS","D"
"14103","EXTRACCION DE ARCILLA","D"
"14104","EXTRACCION DE PIEDRAS ORNAMENTALES","D"
"14211","EXTRACCION DE MINERALES PARA LA FABRICACION DE ABONOS","D"
"14212","EXTRACCION DE MINERALES PARA LA FABRICACION DE PRODUCTOS QUIMICOS","D"
"14220","EXTRACCION DE SAL","D"
"14290","EXPLOTACION DE OTRAS MINAS Y CANTERAS NCP","D"
"15111","MATANZA DE GANADO BOVINO Y PROCESAMIENTO DE SU CARNE","E"
"15112","PRODUCCION Y PROCESAMIENTO DE CARNE DE AVES DE CORRAL","E"
"15113","ELABORACION DE FIAMBRES Y EMBUTIDOS","E"
"15114","MATANZA DE GANADO EXCEPTO EL BOVINO Y PROCESAMIENTO DE SU CARNE","E"
"15119","ELABORACION DE SUBPRODUCTOS CARNICOS NCP","E"
"15120","ELABORACION Y CONSERVACION DE PESCADO Y PRODUCTOS DE PESCADO","E"
"15131","PREPARACION DE CONSERVAS DE FRUTAS HORTALIZAS Y LEGUMBRES","E"
"15132","ELABORACION DE JUGOS NATURALES Y SUS CONCENTRADOS DE FRUTAS HORTALIZAS Y LEGUMBRES","E"
"15133","ELABORACION DE PULPAS JALEAS DULCES Y MERMELADAS OBTENIDOS POR COCCION","E"
"15134","ELABORACION Y PREPARACION DE FRUTAS HORTALIZAS Y LEGUMBRES DESHIDRATADAS O DESECADAS","E"
"15141","ELABORACION DE ACEITES Y GRASAS VEGETALES SIN REFINAR Y SUBPRODUCTOS","E"
"15142","ELABORACION DE ACEITES Y GRASAS VEGETALES REFINADAS Y SUBPRODUCTOS","E"
"15143","PREPARACION DE TORTAS Y PRODUCCION DE HARINAS Y PRODUCTOS RESIDUALES DE LA PRODUCCION DE ACEITE","E"
"15201","ELABORACION DE LECHES Y PRODUCTOS LACTEOS","E"
"15202","ELABORACION DE HELADOS","E"
"15203","ELABORACION DE QUESOS","E"
"15311","PREPARACION Y MOLIENDA DE TRIGO","E"
"15312","PREPARACION DE ARROZ","E"
"15313","PREPARACION Y MOLIENDA DE OTROS CEREALES","E"
"15314","ELABORACION DE ALIMENTOS MEDIANTE  EL TOSTADO O INSUFLACION DE GRANOS DE CEREALES","E"
"15320","ELABORACION DE ALIMENTOS Y PRODUCTOS DERIVADOS DEL ALMIDON","E"
"15330","ELABORACION DE ALIMENTOS PREPARADOS PARA ANIMALES","E"
"15411","ELABORACION DE PAN","E"
"15412","ELABORACION DE GALLETAS","E"
"15419","ELABORACION DE OTROS PRODUCTOS DE PANADERIA Y PASTELERIA NCP","E"
"15420","ELABORACION DE AZUCAR","E"
"15431","ELABORACION DE CACAO Y PRODUCTOS DE CACAO","E"
"15432","ELABORACION DE CHOCOLATES Y PRODUCTOS DE CHOCOLATE","E"
"15433","ELABORACION DE PRODUCTOS DE CONFITERIA","E"
"15441","ELABORACION DE PASTAS ALIMENTICIAS SECAS","E"
"15442","ELABORACION DE PASTAS RELLENAS COCIDAS O SIN COCER Y OTROS PRODUCTOS SIMILARES","E"
"15491","TOSTADO TORRADO Y MOLIENDA DE CAFE","E"
"15492","ELABORACION DE TE HIERBAS AROMATICAS Y ESPECIAS","E"
"15499","ELABORACION DE PRODUCTOS ALIMENTICIOS NCP","E"
"15511","DESTILACION DE ALCOHOL ETILICO","E"
"15512","DESTILACION RECTIFICACION Y MEZCLAS DE BEBIDAS ESPIRITUOSAS","E"
"15521","ELABORACION DE VINOS BEBIDAS FERMENTADAS PERO NO DESTILADAS","E"
"15530","ELABORACION DE BEBIDAS MALTEADAS Y DE MALTA","E"
"15541","ELABORACION DE BEBIDAS GASEOSAS","E"
"15542","ELABORACION DE AGUAS MINERALES","E"
"15543","ELABORACION DE HIELO Y OTRAS BEBIDAS NO ALCOHOLICAS","E"
"16000","ELABORACION DE PRODUCTOS DE TABACO","E"
"17111","PREPARACION CARDADO Y PEINADO DE FIBRAS TEXTILES","E"
"17112","FABRICACION DE HILADOS E HILOS PARA TEJIDO Y COSTURA","E"
"17113","FABRICACION DE TEJIDOS DE FIBRAS TEXTILES INCLUSO SUS MEZCLAS","E"
"17120","ACABADO DE PRODUCTOS TEXTILES","E"
"17210","FABRICACION DE ARTICULOS CONFECCIONADOS DE MATERIALES TEXTILES EXCEPTO PRENDAS DE VESTIR","E"
"17220","FABRICACION DE TAPICES Y ALFOMBRAS","E"
"17230","FABRICACION DE CUERDAS CORDELES BRAMANTES Y REDES","E"
"17290","FABRICACION DE OTROS PRODUCTOS TEXTILES NCP","E"
"17301","FABRICACION DE MEDIAS","E"
"17302","FABRICACION DE CHOMPAS Y ARTICULOS SIMILARES DE PUNTO","E"
"17309","FABRICACION DE TEJIDOS Y ARTICULOS DE PUNTO NCP","E"
"18101","FABRICACION DE PRENDAS DE VESTIR CONFECCIONADAS PARA HOMBRES MUJERES Y NINOS","E"
"18102","FABRICACION DE ROPA DE TRABAJO UNIFORMES Y GUARDAPOLVOS","E"
"18103","FABRICACION DE ROPA DEPORTIVA","E"
"18109","FABRICACION DE PRENDAS DE VESTIR DE CUERO Y OTRAS PRENDAS NCP","E"
"18200","ADOBO Y TENIDO DE PIELES; FABRICACION DE ARTICULOS DE PIEL","E"
"19110","CURTIDO DE CUEROS","E"
"19120","FABRICACION DE ARTICULOS DE MARROQUINERIA TALABARTERIA","E"
"19201","FABRICACION DE CALZADO DE CUERO EXCEPTO ORTOPEDICO Y DE ASBESTO","E"
"19202","FABRICACION DE CALZADO DE TELA PLASTICO GOMA CAUCHO Y OTROS MATERIALES EXCEPTO CALZADO ORTOPEDICO Y DE ASBESTO","E"
"19203","FABRICACION DE PARTES DE CALZADO","E"
"20100","ASERRADO Y CEPILLADO DE MADERA","E"
"20210","FABRICACION DE HOJAS DE MADERA PARA ENCHAPADO; DE TABLEROS CONTRACHAPADOS TABLEROS LAMINADOS TABLEROS DE PARTICULAS Y OTROS TABLEROS Y PANELES","E"
"20220","FABRICACION DE PARTES Y PIEZAS DE CARPINTERIA PARA EDIFICIOS Y CONSTRUCCIONES","E"
"20230","FABRICACION DE RECIPIENTES DE MADERA","E"
"20290","FABRICACION DE OTROS PRODUCTOS DE MADERA; DE ARTICULOS DE CORCHO PAJA Y MATERIALES TRENZABLES NCP","E"
"21010","FABRICACION DE PASTA DE MADERA PAPEL Y CARTON","E"
"21020","FABRICACION DE PAPEL Y CARTON ONDULADO Y DE ENVASES DE PAPEL Y CARTON","E"
"21091","FABRICACION DE ARTICULOS DE PAPEL DE USO DOMESTICO E HIGIENICO","E"
"21099","FABRICACION  DE OTROS ARTICULOS DE PAPEL Y CARTON NCP","E"
"22110","EDICION DE LIBROS FOLLETOS PARTITURAS Y OTRAS PUBLICACIONES","E"
"22120","EDICION DE PERIODICOS REVISTAS Y PUBLICACIONES PERIODICAS","E"
"22130","EDICION DE GRABACIONES","E"
"22190","OTRAS ACTIVIDADES DE EDICION","E"
"22210","ACTIVIDADES DE IMPRESION","E"
"22220","ACTIVIDADES DE SERVICIOS RELACIONADAS CON LA IMPRESION","E"
"22300","REPRODUCCION DE GRABACIONES","E"
"23100","FABRICACION DE PRODUCTOS DE HORNOS DE COQUE","E"
"23200","FABRICACION DE PRODUCTOS DE LA REFINACION DEL PETROLEO","E"
"23300","ELABORACION DE COMBUSTIBLE NUCLEAR","E"
"24111","FABRICACION DE GASES INDUSTRIALES","E"
"24112","FABRICACION DE SUSTANCIAS QUIMICAS BASICAS","E"
"24120","FABRICACION DE ABONOS Y COMPUESTOS DE NITROGENO","E"
"24130","FABRICACION DE PLASTICOS EN FORMAS PRIMARIAS Y DE CAUCHO SINTETICO","E"
"24210","FABRICACION DE PLAGUICIDAS Y OTROS PRODUCTOS QUIMICOS DE USO AGROPECUARIO","E"
"24220","FABRICACION DE PINTURAS BARNICES Y PRODUCTOS DE REVESTIMIENTO SIMILARES TINTAS DE IMPRENTA Y MASILLAS","E"
"24230","FABRICACION DE PRODUCTOS FARMACEUTICOS SUSTANCIAS QUIMICAS MEDICINALES Y PRODUCTOS BOTANICOS","E"
"24241","FABRICACION DE JABONES Y DETERGENTES","E"
"24242","FABRICACION DE COSMETICOS PERFUMES PRODUCTOS DE HIGIENE Y TOCADOR","E"
"24243","FABRICACION DE PREPARADOS PARA LIMPIAR Y PULIR","E"
"24290","FABRICACION DE OTROS PRODUCTOS QUIMICOS NCP","E"
"24300","FABRICACION DE FIBRAS MANUFACTURADAS","E"
"25110","FABRICACION DE CUBIERTAS Y CAMARAS DE CAUCHO; RECAUCHUTADO Y RENOVACION DE CUBIERTAS DE CAUCHO","E"
"25190","FABRICACION DE OTROS PRODUCTOS DE CAUCHO","E"
"25201","FABRICACION DE ENVASES PLASTICOS","E"
"25209","FABRICACION DE PRODUCTOS PLASTICOS EN FORMAS BASICAS Y ARTICULOS DE PLASTICO NCP","E"
"26101","FABRICACION DE ENVASES DE VIDRIO","E"
"26102","FABRICACION DE VIDRIO","E"
"26109","FABRICACION DE PRODUCTOS DE VIDRIO NCP","E"
"26911","FABRICACION DE ARTICULOS DE CERAMICA DE USO DOMESTICO SANITARIO Y ORNAMENTAL","E"
"26912","FABRICACION DE OTROS ARTICULOS DE CERAMICA NO REFRACTARIA PARA USO NO ESTRUCTURAL","E"
"26920","FABRICACION  DE PRODUCTOS DE CERAMICA REFRACTARIA","E"
"26930","FABRICACION DE PRODUCTOS DE ARCILLA Y CERAMICA NO REFRACTARIAS PARA USO ESTRUCTURAL","E"
"26941","FABRICACION DE CEMENTO","E"
"26942","FABRICACION DE CAL Y YESO","E"
"26950","FABRICACION DE ARTICULOS DE HORMIGON CEMENTO Y  YESO","E"
"26960","CORTE TALLADO Y ACABADO DE LA PIEDRA","E"
"26990","FABRICACION DE OTROS PRODUCTOS MINERALES NO METALICOS NCP","E"
"27100","INDUSTRIAS BASICAS DE HIERRO Y ACERO","E"
"27201","PRODUCCION DE METALES COMUNES NO FERROSOS EN FORMAS PRIMARIAS","E"
"27202","PRODUCCION DE METALES PRECIOSOS EN FORMAS PRIMARIAS","E"
"27310","FUNDICION DE HIERRO Y ACERO","E"
"27320","FUNDICION DE METALES NO FERROSOS","E"
"28110","FABRICACION DE PRODUCTOS METALICOS PARA USO ESTRUCTURAL","E"
"28120","FABRICACION DE TANQUES DEPOSITOS Y RECIPIENTES DE METAL","E"
"28130","FABRICACION DE GENERADORES DE VAPOR EXCEPTO CALDERAS DE AGUA CALIENTE PARA CALEFACCION CENTRAL","E"
"28910","FORJA PRENSADO ESTAMPADO Y LAMINADO DE METALES; PULVIMETALURGIA","E"
"28920","TRATAMIENTO Y REVESTIMIENTO DE METALES; OBRAS DE INGENIERIA MECANICA EN GENERAL REALIZADAS A CAMBIO DE UNA RETRIBUCION O CONTRATA","E"
"28930","FABRICACION DE ARTICULOS DE CUCHILLERIA HERRAMIENTAS DE MANO Y ARTICULOS DE FERRETERIA","E"
"28991","FABRICACION DE ENVASES DE PRODUCTOS METALICOS","E"
"28999","FABRICACION DE PRODUCTOS METALICOS NCP","E"
"29110","FABRICACION DE MOTORES Y TURBINAS EXCEPTO MOTORES PARA AERONAVES VEHICULOS AUTOMOTORES Y MOTOCICLETAS","E"
"29120","FABRICACION DE BOMBAS COMPRESORES GRIFOS Y VALVULAS","E"
"29130","FABRICACION DE COJINETES ENGRANAJES TRENES DE ENGRANAJES Y PIEZAS DE TRANSMISION","E"
"29140","FABRICACION DE HORNOS; HOGARES Y QUEMADORES","E"
"29150","FABRICACION DE EQUIPO DE ELEVACION Y MANIPULACION","E"
"29190","FABRICACION DE OTROS TIPOS DE MAQUINARIA DE USO GENERAL","E"
"29210","FABRICACION DE MAQUINARIA AGROPECUARIA Y FORESTAL","E"
"29220","FABRICACION  DE MAQUINAS HERRAMIENTA","E"
"29230","FABRICACION  DE MAQUINARIA METALURGICA","E"
"29240","FABRICACION DE MAQUINARIA PARA LA EXPLOTACION DE MINAS Y CANTERAS Y PARA OBRAS DE CONSTRUCCION","E"
"29250","FABRICACION DE MAQUINARIA PARA LA ELABORACION DE ALIMENTOS BEBIDAS Y TABACO","E"
"29260","FABRICACION DE MAQUINARIA PARA LA ELABORACION DE PRODUCTOS TEXTILES PRENDAS DE VESTIR Y CUEROS","E"
"29270","FABRICACION DE ARMAS Y MUNICIONES","E"
"29290","FABRICACION DE OTROS TIPOS DE MAQUINARIA DE USO  ESPECIAL","E"
"29300","FABRICACION DE APARATOS DE USO DOMESTICO NCP","E"
"30000","FABRICACION DE MAQUINARIA DE OFICINA CONTABILIDAD E INFORMATICA","E"
"31100","FABRICACION DE MOTORES GENERADORES Y TRANSFORMADORES ELECTRICOS","E"
"31200","FABRICACION DE APARATOS DE DISTRIBUCION Y CONTROL DE ENERGIA ELECTRICA","E"
"31300","FABRICACION DE HILOS Y CABLES AISLADOS","E"
"31400","FABRICACION DE ACUMULADORES Y DE PILAS Y BATERIAS PRIMARIAS","E"
"31500","FABRICACION DE LAMPARAS ELECTRICAS Y EQUIPO DE ILUMINACION","E"
"31900","FABRICACION DE OTROS TIPOS DE EQUIPO ELECTRICO NCP","E"
"32100","FABRICACION DE TUBOS VALVULAS Y DE OTROS COMPONENTES ELECTRONICOS","E"
"32200","FABRICACION  DE TRANSMISORES DE RADIO Y TELEVISION Y DE APARATOS PARA TELEFONIA Y TELEGRAFIA CON HILOS","E"
"32300","FABRICACION DE RECEPTORES DE RADIO Y TELEVISION APARATOS DE GRABACION Y REPRODUCCION DE SONIDO VIDEO Y PRODUCTOS CONEXOS","E"
"33110","FABRICACION DE EQUIPO MEDICO Y QUIRURGICO Y DE APARATOS ORTOPEDICOS","E"
"33120","FABRICACION DE INSTRUMENTOS Y APARATOS PARA MEDIR VERIFICAR ENSAYAR NAVEGAR Y OTROS FINES EXCEPTO EL EQUIPO DE CONTROL DE PROCESOS INDUSTRIALES","E"
"33130","FABRICACION DE EQUIPO DE CONTROL DE PROCESOS INDUSTRIALES","E"
"33200","FABRICACION DE INSTRUMENTOS DE OPTICA Y EQUIPO FOTOGRAFICO","E"
"33300","FABRICACION DE RELOJES","E"
"34100","FABRICACION DE VEHICULOS AUTOMOTORES","E"
"34200","FABRICACION DE CARROCERIAS PARA VEHICULOS AUTOMOTORES; FABRICACION DE REMOLQUES Y SEMIRREMOLQUES","E"
"34300","FABRICACION DE PARTES PIEZAS Y ACCESORIOS PARA VEHICULOS AUTOMOTORES Y SUS MOTORES","E"
"35110","CONSTRUCCION Y REPARACION DE BUQUES","E"
"35120","CONSTRUCCION Y REPARACION DE EMBARCACIONES DE RECREO Y DEPORTE","E"
"35200","FABRICACION DE LOCOMOTORAS Y DE MATERIAL RODANTE PARA FERROCARRILES Y TRANVIAS","E"
"35300","FABRICACION DE AERONAVES Y NAVES ESPACIALES","E"
"35910","FABRICACION DE MOTOCICLETAS","E"
"35920","FABRICACION DE BICICLETAS Y DE SILLONES DE RUEDAS PARA INVALIDOS","E"
"35990","FABRICACION DE OTROS TIPOS DE EQUIPO DE TRANSPORTE NCP","E"
"36101","FABRICACION DE MUEBLES Y PARTES DE MUEBLES PRINCIPALMENTE DE MADERA","E"
"36102","FABRICACION DE MUEBLES Y PARTES DE MUEBLES PRINCIPALMENTE DE METAL","E"
"36103","FABRICACION DE MUEBLES EXCEPTO LOS QUE SON PRINCIPALMENTE DE MADERA Y METALICOS","E"
"36104","FABRICACION DE SOMIERES Y COLCHONES","E"
"36910","FABRICACION DE JOYAS Y ARTICULOS CONEXOS","E"
"36920","FABRICACION DE INSTRUMENTOS DE MUSICA","E"
"36930","FABRICACION DE ARTICULOS DE DEPORTE","E"
"36940","FABRICACION DE JUEGOS Y JUGUETES","E"
"36990","OTRAS INDUSTRIAS MANUFACTURERAS NCP","E"
"37100","RECICLAMIENTO DE DESPERDICIOS Y  DESECHOS METALICOS","E"
"37200","RECICLAMIENTO DE DESPERDICIOS Y  DESECHOS NO METALICOS","E"
"40101","PRODUCCION DE ENERGIA HIDRAULICA","F"
"40102","PRODUCCION DE ENERGIA TERMICA CONVENCIONAL","F"
"40103","TRANSPORTE DE ENERGIA ELECTRICA","F"
"40104","DISTRIBUCION DE ENERGIA ELECTRICA","F"
"40109","PRODUCCION DE ENERGIA ELECTRICA NCP","F"
"40201","PRODUCCION DE GAS","F"
"40202","DISTRIBUCION DE COMBUSTIBLES GASEOSOS","F"
"40300","SUMINISTRO DE VAPOR Y AGUA CALIENTE","F"
"41001","CAPTACION DEPURACION Y DISTRIBUCION DE AGUA DE FUENTES SUBTERRANEAS","F"
"41002","CAPTACION DEPURACION Y DISTRIBUCION DE AGUA DE FUENTES SUPERFICIALES","F"
"45101","DEMOLICION Y DERRIBO DE EDIFICIOS Y OTRAS ESTRUCTURAS","G"
"45102","PERFORACION EXCAVACION PRUEBAS SONDEO Y MUESTREO DE TERRENO CON FINES DE CONSTRUCCION","G"
"45109","MOVIMIENTO DE SUELOS Y PREPARACION DE TERRENO RELLENO Y DESMONTE PARA OBRAS NCP","G"
"45201","CONSTRUCCION REFORMA Y REPARACION DE EDIFICIOS","G"
"45202","CONSTRUCCION REFORMA Y REPARACION DE OBRAS DE INFRAESTRUCTURA DE TRANSPORTE","G"
"45209","CONSTRUCCION DE OBRAS DE INGENIERIA CIVIL NCP","G"
"45301","INSTALACION DE ASCENSORES MONTACARGAS Y ESCALERAS MECANICAS","G"
"45302","INSTALACIONES Y MANTENIMIENTO ELECTRICO Y ELECTRONICOS","G"
"45303","INSTALACIONES DE SISTEMAS DE ACONDICIONAMIENTO DE AMBIENTES","G"
"45304","INSTALACION DE AISLAMIENTO TERMICO ACUSTICO HIDRICO Y ANTIVIBRATORIO","G"
"45305","INSTALACIONES DE ESTACIONES DE TELECOMUNICACIONES Y DE RADAR","G"
"45306","INSTALACIONES DE PLOMERIA DESAGUES GAS AGUA SANITARIOS CON SUS ARTEFACTOS CONEXOS","G"
"45307","REPARACIONES RELACIONADAS CON LA INSTALACION Y ACONDICIONAMIENTO DE EDIFICIOS Y OBRAS DE INGENIERIA CIVIL","G"
"45401","INSTALACIONES DE CARPINTERIA HERRERIA  DE OBRA ARTISTICA","G"
"45402","TRABAJOS DE REVESTIMIENTO PULIMENTO DE PAREDES Y PISOS","G"
"45403","COLOCACION DE VIDRIOS Y CRISTALES EN OBRA","G"
"45404","PINTURA Y TRABAJOS DE DECORACION","G"
"45405","TRABAJOS DE REPARACION RELACIONADAS CON LA TERMINACION DE EDIFICIOS","G"
"45409","OTROS TRABAJOS DE TERMINACION DE EDIFICIOS NCP","G"
"45500","ALQUILER DE EQUIPO DE CONSTRUCCION Y DEMOLICION DOTADO DE OPERARIOS","G"
"50101","VENTA DE VEHICULOS AUTOMOTORES NUEVOS","H"
"50102","VENTA DE VEHICULOS AUTOMOTORES USADOS","H"
"50201","MANTENIMIENTO Y REPARACION DEL MOTOR; MECANICA INTEGRAL","H"
"50202","LAVADO DE AUTOMOTORES AUTOMATICO Y MANUAL","H"
"50203","REPARACION DE CAMARAS DE CUBIERTAS","H"
"50204","TAPIZADO Y RETAPIZADO","H"
"50205","REPARACIONES ELECTRICAS DEL TABLERO E INSTRUMENTAL","H"
"50206","REPARACION COLOCACION Y PINTADO DE CARROCERIAS; GUARDABARROS Y PROTECCIONES EXTERIORES","H"
"50209","MANTENIMIENTO Y REPARACION DE VEHICULOS NCP","H"
"50300","VENTA DE PARTES PIEZAS Y ACCESORIOS DE VEHICULOS AUTOMOTORES","H"
"50401","VENTA DE MOTOCICLETAS Y DE SUS PARTES PIEZAS Y ACCESORIOS","H"
"50402","MANTENIMIENTO Y REPARACION DE MOTOCICLETAS","H"
"50501","VENTA AL POR MENOR DE COMBUSTIBLE PARA AUTOMOTORES","H"
"50502","VENTA AL POR MENOR DE LUBRICANTES GRASAS Y REFRIGERANTES PARA AUTOMOTORES","H"
"51101","VENTA AL POR MAYOR DE INTERMEDIARIOS EN COMISION O CONSIGNACION DE PRODUCTOS AGRICOLAS Y PECUARIOS","H"
"51102","VENTA AL POR MAYOR DE INTERMEDIARIOS EN COMISION O CONSIGNACION DE CAFE","H"
"51103","VENTA AL POR MAYOR DE INTERMEDIARIOS EN COMISION O CONSIGNACION DE ALIMENTOS BEBIDAS Y TABACO","H"
"51104","VENTA AL POR MAYOR DE INTERMEDIARIOS EN COMISION O CONSIGNACION DE PRODUCTOS TEXTILES PRENDAS DE VESTIR CALZADO EXCEPTO EL ORTOPEDICO  ARTICULOS DE MARROQUINERIA PARAGUAS Y SIMILARES Y PRODUCTOS D","H"
"51105","VENTA AL POR MAYOR DE INTERMEDIARIOS EN COMISION O CONSIGNACION DE  MADERA Y MATERIALES PARA LA CONSTRUCCION","H"
"51106","VENTA AL POR MAYOR DE INTERMEDIARIOS EN COMISION O CONSIGNACION DE PRODUCTOS FARMACEUTICOS MEDICINALES Y COSMETICOS","H"
"51107","VENTA AL POR MAYOR DE INTERMEDIARIOS EN COMISION O CONSIGNACION DE  MAQUINARIA EQUIPO PROFESIONAL INDUSTRIAL Y COMERCIAL","H"
"51108","VENTA AL POR MAYOR DE INTERMEDIARIOS EN COMISION O CONSIGNACION DE PAPEL CARTON LIBROS REVISTAS DIARIOS MATERIALES DE EMBALAJE Y ARTICULOS DE LIBRERIA","H"
"51109","VENTA AL POR MAYOR DE INTERMEDIARIOS EN COMISION O CONSIGNACION DE  MERCADERIAS NCP","H"
"51211","VENTA AL POR MAYOR DE MATERIAS PRIMAS AGROPECUARIAS Y DE LA SILVICULTURA","H"
"51212","VENTA AL POR MAYOR DE ANIMALES VIVOS","H"
"51213","VENTA AL POR MAYOR DE CUEROS Y PIELES","H"
"51221","VENTA AL POR MAYOR Y EMPAQUE DE FRUTAS LEGUMBRES Y HORTALIZAS FRESCAS","H"
"51222","VENTA AL POR MAYOR DE PRODUCTOS LACTEOS","H"
"51223","VENTA AL POR MAYOR DE HUEVOS ACEITES Y GRASAS COMESTIBLES","H"
"51224","VENTA AL POR MAYOR DE CARNES ROJAS MENUDENCIAS; PRODUCTOS DE GRANJA Y EMBUTIDOS","H"
"51225","VENTA AL POR MAYOR DE PAN PRODUCTOS DE CONFITERIA PASTAS FRESCAS","H"
"51226","VENTA AL POR MAYOR DE CAFE TE CACAO Y ESPECIAS","H"
"51227","VENTA AL POR MAYOR DE BEBIDAS CIGARRILLOS Y  TABACO","H"
"51228","VENTA AL POR MAYOR DE AZUCAR DULCES CHOCOLATES GOLOSINAS  Y OTROS EXCEPTO CIGARRILLOS","H"
"51229","VENTA AL POR MAYOR DE PRODUCTOS ALIMENTICIOS NCP","H"
"51311","VENTA AL POR MAYOR  DE PRODUCTOS TEXTILES EXCEPTO PRENDAS DE VESTIR","H"
"51312","VENTA AL POR MAYOR DE CONFECCIONES PARA EL HOGAR","H"
"51313","VENTA AL POR MAYOR DE PRENDAS Y ACCESORIOS DE VESTIR","H"
"51314","VENTA AL POR MAYOR DE CALZADO EXCEPTO EL ORTOPEDICO ARTICULOS DE MARROQUINERIA Y SIMILARES","H"
"51315","VENTA AL POR MAYOR DE ARTICULOS DE CUERO","H"
"51321","VENTA AL POR MAYOR DE LIBROS Y REVISTAS","H"
"51322","VENTA AL POR MAYOR DE PERIODICOS","H"
"51329","VENTA AL POR MAYOR DE PAPEL CARTON MATERIALES DE EMBALAJE Y ARTICULOS DE LIBRERIA NCP","H"
"51331","VENTA AL POR MAYOR DE MUEBLES ARTICULOS DE MIMBRE Y CORCHO; COLCHONES Y SOMIERES","H"
"51332","VENTA AL POR MAYOR DE ARTICULOS DE ILUMINACION","H"
"51333","VENTA AL POR MAYOR DE ARTICULOS DE BAZAR Y MENAJE","H"
"51334","VENTA AL POR MAYOR DE ARTEFACTOS PARA EL HOGAR ELECTRICOS A GAS KEROSENE U OTROS COMBUSTIBLES","H"
"51335","VENTA AL POR MAYOR DE INSTRUMENTOS MUSICALES","H"
"51336","VENTA AL POR MAYOR DE EQUIPOS DE SONIDO CASETES DE AUDIO Y VIDEO Y DISCOS","H"
"51339","VENTA AL POR MAYOR DE ARTICULOS PARA EL HOGAR NCP","H"
"51341","VENTA AL POR MAYOR DE PRODUCTOS FARMACEUTICOS Y MEDICINALES","H"
"51342","VENTA AL POR MAYOR DE PRODUCTOS DE PERFUMERIA Y DE BELLEZA","H"
"51343","VENTA AL POR MAYOR DE INSTRUMENTAL MEDICO Y ODONTOLOGICO Y OTROS ARTICULOS ORTOPEDICOS","H"
"51344","VENTA AL POR MAYOR DE PRODUCTOS VETERINARIOS","H"
"51351","VENTA AL POR MAYOR DE ARTICULOS DE OPTICA","H"
"51352","VENTA AL POR MAYOR DE ARTICULOS DE FOTOGRAFIA","H"
"51353","VENTA AL POR MAYOR DE ARTICULOS DE RELOJERIA","H"
"51354","VENTA AL POR MAYOR DE ARTICULOS DE JOYERIA Y FANTASIAS","H"
"51391","VENTA AL POR MAYOR DE MATERIALES Y PRODUCTOS DE LIMPIEZA","H"
"51392","VENTA AL POR MAYOR DE JUGUETES Y ARTICULOS DE COTILLON","H"
"51393","VENTA AL POR MAYOR DE ARTICULOS DE ESPARCIMIENTO Y DEPORTES","H"
"51394","VENTA AL POR MAYOR DE BICICLETAS Y RODADOS SIMILARES","H"
"51395","VENTA AL POR MAYOR DE PAPELES PARA PARED REVESTIMIENTOS Y ALFOMBRAS PARA PISOS Y ARTICULOS SIMILARES PARA LA DECORACION","H"
"51396","VENTA AL POR MAYOR DE ARTICULOS ARTESANALES","H"
"51399","VENTA AL POR MAYOR DE ARTICULOS DE USO DOMESTICO Y/O PERSONAL NCP","H"
"51411","VENTA AL POR MAYOR DE COMBUSTIBLES Y LUBRICANTES PARA AUTOMOTORES","H"
"51412","VENTA AL POR MAYOR DE COMBUSTIBLES Y LUBRICANTES EXCEPTO PARA AUTOMOTORES: GAS EN GARRAFAS LENA Y CARBON","H"
"51420","VENTA AL POR MAYOR DE METALES Y MINERALES METALIFEROS","H"
"51431","VENTA AL POR MAYOR DE MATERIALES DE CONSTRUCCION","H"
"51432","VENTA AL POR MAYOR DE MADERA SIN DESBASTAR Y PRODUCTOS PRIMARIOS","H"
"51433","VENTA AL POR MAYOR DE ARTICULOS DE FERRETERIA FONTANERIA Y CALEFACCION","H"
"51434","VENTA AL POR MAYOR DE PINTURA Y PRODUCTOS CONEXOS","H"
"51435","VENTA AL POR MAYOR DE CRISTALES ESPEJOS Y MAMPARAS","H"
"51491","VENTA AL POR MAYOR DE PRODUCTOS QUIMICOS","H"
"51492","VENTA AL POR MAYOR DE DESPERDICIOS Y DESECHOS METALICOS","H"
"51493","VENTA AL POR MAYOR DE DESPERDICIOS Y DESECHOS NO METALICOS","H"
"51499","VENTA AL POR MAYOR DE OTROS PRODUCTOS INTERMEDIOS NCP","H"
"51501","VENTA AL POR MAYOR DE MAQUINAS EQUIPOS E IMPLEMENTOS DE USO  AGROPECUARIO","H"
"51502","VENTA AL POR MAYOR DE MAQUINAS EQUIPOS E IMPLEMENTOS DE USO EN LA MINERIA.","H"
"51503","VENTA AL POR MAYOR DE MAQUINAS EQUIPOS E IMPLEMENTOS DE USO EN LA INDUSTRIA MANUFACTURERA","H"
"51504","VENTA AL POR MAYOR DE MAQUINAS Y EQUIPOS DE CONSTRUCCION E INGENIERIA CIVIL","H"
"51505","VENTA AL POR MAYOR DE MAQUINAS EQUIPOS E IMPLEMENTOS DE USO MEDICO Y PARAMEDICO","H"
"51506","VENTA AL POR MAYOR DE EQUIPOS INFORMATICOS Y MAQUINAS ELECTRONICAS DE ESCRIBIR Y CALCULAR","H"
"51507","VENTA AL POR MAYOR DE MAQUINAS Y EQUIPOS DE COMUNICACIONES CONTROL Y SEGURIDAD","H"
"51509","VENTA AL POR MAYOR DE MAQUINAS EQUIPOS E IMPLEMENTOS DE USO ESPECIAL NCP","H"
"51900","VENTA AL POR MAYOR DE OTROS PRODUCTOS","H"
"52111","VENTA AL POR MENOR EN SUPERMERCADOS CON SURTIDO COMPUESTO Y PREDOMINIO DE PRODUCTOS ALIMENTICIOS BEBIDAS Y TABACO","H"
"52112","VENTA AL POR MENOR EN ALMACENES CON SURTIDO COMPUESTO Y PREDOMINIO DE PRODUCTOS ALIMENTICIOS Y BEBIDAS Y TABACO","H"
"52113","VENTA AL POR MENOR EN TIENDAS DE BARRIO  CON SURTIDO COMPUESTO Y PREDOMINIO DE PRODUCTOS ALIMENTICIOS BEBIDAS Y TABACO","H"
"52190","VENTA AL POR MENOR DE OTROS PRODUCTOS EN ALMACENES NO ESPECIALIZADOS","H"
"52201","VENTA AL POR MENOR Y EMPAQUE DE FRUTAS LEGUMBRES Y HORTALIZAS FRESCAS","H"
"52202","VENTA AL POR MENOR DE PRODUCTOS LACTEOS","H"
"52203","VENTA AL POR MENOR DE HUEVOS ACEITES Y GRASAS COMESTIBLES","H"
"52204","VENTA AL POR MENOR DE CARNES ROJAS MENUDENCIAS; PRODUCTOS DE GRANJA Y EMBUTIDOS","H"
"52205","VENTA AL POR MENOR DE PAN PRODUCTOS DE CONFITERIA PASTAS FRESCAS","H"
"52206","VENTA AL POR MENOR DE CAFE TE CACAO Y ESPECIAS","H"
"52207","VENTA AL POR MENOR DE BEBIDAS CIGARRILLOS Y  TABACO","H"
"52208","VENTA AL POR MENOR DE AZUCAR DULCES CHOCOLATES GOLOSINAS Y OTROS EXCEPTO CIGARRILLOS","H"
"52209","VENTA AL POR MENOR DE ALIMENTOS NCP EN ALMACENES ESPECIALIZADOS","H"
"52311","VENTA AL POR MENOR DE PRODUCTOS FARMACEUTICOS Y MEDICINALES","H"
"52312","VENTA AL POR MENOR DE COSMETICOS ARTICULOS DE TOCADOR Y PERFUMERIA","H"
"52313","VENTA AL POR MENOR DE ARTICULOS MEDICOS ODONTOLOGICOS Y APARATOS ORTOPEDICOS","H"
"52314","VENTA AL POR MENOR DE PRODUCTOS VETERINARIOS","H"
"52321","VENTA AL POR MENOR  DE PRODUCTOS TEXTILES EXCEPTO PRENDAS DE VESTIR","H"
"52322","VENTA AL POR MENOR DE CONFECCIONES PARA EL HOGAR","H"
"52323","VENTA AL POR MENOR DE PRENDAS Y ACCESORIOS DE VESTIR","H"
"52324","VENTA AL POR MENOR DE CALZADO EXCEPTO EL ORTOPEDICO ARTICULOS DE MARROQUINERIA Y SIMILARES","H"
"52325","VENTA AL POR MENOR DE ARTICULOS DE CUERO","H"
"52331","VENTA AL POR MENOR DE MUEBLES ARTICULOS DE MIMBRE Y CORCHO; COLCHONES Y SOMIERS","H"
"52332","VENTA AL POR MENOR DE ARTICULOS DE ILUMINACION","H"
"52333","VENTA AL POR MENOR DE ARTICULOS DE BAZAR Y MENAJE","H"
"52334","VENTA AL POR MENOR DE ARTEFACTOS PARA EL HOGAR ELECTRICOS A GAS KEROSENE U OTROS COMBUSTIBLES","H"
"52335","VENTA AL POR MENOR DE INSTRUMENTOS MUSICALES","H"
"52336","VENTA AL POR MENOR DE EQUIPOS DE SONIDO CASETES DE AUDIO VIDEO Y DISCOS","H"
"52339","VENTA AL POR MENOR DE ARTICULOS PARA EL HOGAR NCP","H"
"52341","VENTA AL POR MENOR DE MATERIALES DE CONSTRUCCION","H"
"52342","VENTA AL POR MENOR DE ARTICULOS DE FERRETERIA FONTANERIA Y CALEFACCION","H"
"52343","VENTA AL POR MENOR DE PINTURA Y PRODUCTOS CONEXOS","H"
"52344","VENTA AL POR MENOR DE CRISTALES ESPEJOS Y MAMPARAS","H"
"52351","VENTA AL POR MENOR DE LIBROS REVISTAS","H"
"52352","VENTA AL POR MENOR DE PERIODICOS","H"
"52359","VENTA AL POR MENOR DE PAPEL CARTON MATERIALES DE EMBALAJE Y ARTICULOS DE LIBRERIA NCP","H"
"52361","VENTA AL POR MENOR DE MAQUINARIA DE OFICINA Y CONTABILIDAD","H"
"52362","VENTA AL POR MENOR DE EQUIPOS INFORMATICOS","H"
"52363","VENTA AL POR MENOR DE MAQUINAS Y EQUIPOS DE COMUNICACIONES CONTROL Y SEGURIDAD","H"
"52371","VENTA AL POR MENOR DE FLORES","H"
"52372","VENTA AL POR MENOR DE PLANTAS SEMILLAS Y ABONOS","H"
"52373","VENTA AL POR MENOR DE ANIMALES DOMESTICOS","H"
"52381","VENTA AL POR MENOR DE ARTICULOS DE OPTICA","H"
"52382","VENTA AL POR MENOR DE ARTICULOS DE FOTOGRAFIA","H"
"52383","VENTA AL POR MENOR DE ARTICULOS DE RELOJERIA","H"
"52384","VENTA AL POR MENOR DE ARTICULOS DE JOYERIA Y FANTASIAS","H"
"52391","VENTA AL POR MENOR DE MATERIALES Y PRODUCTOS DE LIMPIEZA","H"
"52392","VENTA AL POR MENOR DE JUGUETES Y ARTICULOS DE COTILLON","H"
"52393","VENTA AL POR MENOR DE ARTICULOS DE ESPARCIMIENTO Y DEPORTES","H"
"52394","VENTA AL POR MENOR DE BICICLETAS Y RODADOS SIMILARES","H"
"52395","VENTA AL POR MENOR DE PAPELES PARA PARED REVESTIMIENTOS PARA PISOS Y ARTICULOS SIMILARES PARA LA DECORACION","H"
"52396","VENTA AL POR MENOR DE ARTICULOS ARTESANALES","H"
"52397","VENTA AL POR MENOR DE COMBUSTIBLES SOLIDOS Y LIQUIDOS","H"
"52398","VENTA AL POR MENOR DE COMBUSTIBLE GASEOSO","H"
"52399","VENTA AL POR MENOR DE OTROS PRODUCTOS EN ALMACENES ESPECIALIZADOS NCP","H"
"52401","VENTA AL POR MENOR DE MUEBLES USADOS","H"
"52402","VENTA AL POR MENOR DE LIBROS REVISTAS Y SIMILARES USADOS","H"
"52403","VENTA AL POR MENOR DE PRENDAS DE VESTIR Y PRODUCTOS  TEXTILES USADOS","H"
"52409","VENTA AL POR MENOR EN ALMACENES DE ARTICULOS USADOS NCP","H"
"52510","VENTA AL POR MENOR EN EMPRESAS DE VENTA POR CORREO","H"
"52520","VENTA AL POR MENOR EN PUESTOS DE VENTA Y MERCADOS","H"
"52590","OTROS TIPOS DE VENTA AL POR MENOR NO REALIZADA EN ALMACENES","H"
"52591","VENTA AL POR MENOR DE LOTERIAS BINGOS Y RIFAS","H"
"52601","REPARACION DE CALZADOS Y ARTICULOS DE MARROQUINERIA Y OTROS ARTICULOS DE CUERO","H"
"52602","REPARACION DE ARTICULOS ELECTRICOS DE USO DOMESTICO","H"
"52603","REPARACION  Y TAPIZADO DE MUEBLES","H"
"52604","REPARACION DE BICICLETAS TRICICLOS Y OTROS","H"
"52609","REPARACION DE EFECTOS PERSONALES Y ENSERES DOMESTICOS NCP","H"
"55101","SERVICIOS DE ALOJAMIENTO EN HOTELES","I"
"55102","SERVICIOS DE ALOJAMIENTO EN RESIDENCIAS","I"
"55103","SERVICIOS DE ALOJAMIENTO EN HOSPEDAJES Y OTROS","I"
"55104","SERVICIOS DE ALOJAMIENTO EN MOTELES","I"
"55201","SERVICIOS DE EXPENDIO DE COMIDAS EN ESTABLECIMIENTOS CON SERVICIO DE MESA Y/O EN MOSTRADOR","I"
"55202","SERVICIO DE EXPENDIO DE COMIDAS EXCLUSIVO EN CHURRASQUERIAS","I"
"55203","SERVICIO DE EXPENDIO DE COMIDAS EXCLUSIVO EN POLLOS BROASTER","I"
"55204","SERVICIO DE EXPENDIO DE COMIDAS EXCLUSIVO EN PESCADO","I"
"55205","SERVICIO PREPARACION Y VENTA DE COMIDAS RAPIDAS","I"
"55206","SERVICIOS DE EXPENDIO DE COMIDAS EN ESTABLECIMIENTOS FIJOS O MOVILES","I"
"55209","OTROS SERVICIOS DE EXPENDIO DE COMIDAS NCP.","I"
"55211","SERVICIOS DE EXPENDIO DE BEBIDAS ALCOHOLICAS EN BARES Y CANTINAS","I"
"55212","SERVICIOS DE EXPENDIO DE BEBIDAS ALCOHOLICAS EN WHISKERIAS","I"
"55213","SERVICIOS DE EXPENDIO DE BEBIDAS ALCOHOLICAS EN QUINTAS Y CHICHERIAS","I"
"55214","SERVICIOS DE EXPENDIO DE BEBIDAS NO ALCOHOLICAS","I"
"55215","SERVICIO DE HELADERIAS","I"
"55216","SERVICIO DE EXPENDIO DE JUGOS ZUMOS Y ENSALADAS DE FRUTAS","I"
"55217","SERVICIOS DE EXPENDIO DE BEBIDAS EN ESTABLECIMIENTOS FIJOS O MOVILES","I"
"55219","OTROS SERVICIOS DE EXPENDIO DE BEBIDAS NCP","I"
"60100","SERVICIO DE TRANSPORTE FERROVIARIO","J"
"60211","SERVICIO DE TRANSPORTE AUTOMOTOR URBANO DE PASAJEROS","J"
"60212","SERVICIO DE TRANSPORTE AUTOMOTOR SUBURBANO DE PASAJEROS","J"
"60221","SERVICIOS DE ALQUILER DE AUTOMOTORES CON CONDUCTOR","J"
"60222","OTROS SERVICIOS DE TRANSPORTE NO REGULAR DE PASAJEROS","J"
"60230","SERVICIO DE TRANSPORTE AUTOMOTOR DE CARGA POR CARRETERA","J"
"60300","SERVICIO DE TRANSPORTE POR TUBERIAS","J"
"61100","TRANSPORTE MARITIMO Y DE CABOTAJE","J"
"61200","TRANSPORTE POR VIAS DE NAVEGACION INTERIORES","J"
"62101","SERVICIO DE TRANSPORTE AEREO REGULAR DE PASAJEROS","J"
"62102","SERVICIO DE TRANSPORTE AEREO REGULAR DE CARGA","J"
"62200","TRANSPORTE NO REGULAR POR VIA AEREA","J"
"63010","SERVICIOS DE MANIPULACION DE LA CARGA","J"
"63020","SERVICIO DE ALMACENAMIENTO Y DEPOSITO","J"
"63031","SERVICIOS DE EXPLOTACION DE INFRAESTRUCTURA; PEAJES Y OTROS DERECHOS","J"
"63032","SERVICIOS COMPLEMENTARIOS PARA EL TRANSPORTE AEREO","J"
"63033","SERVICIOS COMPLEMENTARIOS PARA EL TRANSPORTE POR AGUA","J"
"63041","SERVICIOS DE AGENCIAS DE VIAJES","J"
"63042","SERVICIOS COMPLEMENTARIOS DE APOYO TURISTICO","J"
"63090","SERVICIO DE APOYO Y LOGISTICA DE AGENCIAS PARA EL TRANSPORTE DE MERCADERIAS","J"
"64110","SERVICIOS DE CORREO NACIONAL","J"
"64120","SERVICIOS DE CORREO DISTINTA A LAS ACTIVIDADES DE CORREO NACIONAL","J"
"64201","SERVICIOS DE TRANSMISION DE DATOS Y MENSAJES","J"
"64202","SERVICIO DE TRANSMISION DE RADIO Y TELEVISION","J"
"64209","SERVICIOS DE TRANSMISION DE SONIDO IMAGENES DATOS U OTRA INFORMACION NCP","J"
"65110","SERVICIOS DE LA BANCA CENTRAL","K"
"65191","SERVICIOS DE LAS ENTIDADES BANCARIAS","K"
"65192","SERVICIOS DE LAS CAJAS DE AHORRO Y PRESTAMO","K"
"65193","SERVICIOS DE LAS COOPERATIVAS DE AHORRO Y CREDITO","K"
"65910","ARRENDAMIENTO FINANCIERO","K"
"65920","OTROS SERVICIOS DE CREDITO","K"
"65990","OTRO TIPO DE SERVICIOS DE INTERMEDIACION FINANCIERA NCP","K"
"66010","SERVICIO DE PLANES DE SEGUROS DE VIDA","K"
"66020","ADMINISTRACION DE FONDOS DE JUBILACIONES Y PENSIONES","K"
"66030","SERVICIOS DE OTROS PLANES DE SEGUROS EXCEPTO DE VIDA","K"
"67110","SERVICIOS DE ADMINISTRACION DE MERCADOS FINANCIEROS","K"
"67120","SERVICIOS BURSATILES DE MEDIACION O POR CUENTA DE TERCEROS","K"
"67191","SERVICIOS DE CASAS Y AGENCIAS DE CAMBIO","K"
"67199","OTROS SERVICIOS AUXILIARES DE LA INTERMEDIACION FINANCIERA NCP","K"
"67201","SERVICIOS AUXILIARES A LOS SERVICIOS DE SEGUROS Y DE ADMINISTRACION DE FONDOS DE JUBILACIONES Y PENSIONES","K"
"67202","SERVICIOS AUXILIARES A LOS SERVICIOS DE ADMINISTRACION DE FONDOS DE JUBILACIONES Y PENSIONES","K"
"70100","SERVICIOS INMOBILIARIOS REALIZADOS POR CUENTA PROPIA CON BIENES PROPIOS O ARRENDADOS","L"
"70201","SERVICIOS INMOBILIARIOS DE COMPRA VENTA Y ALQUILER","L"
"70202","SERVICIOS DE ADMINISTRACION INMOBILIARIA DE BIENES INMUEBLES","L"
"70203","SERVICIOS DE PROMOCION Y ASESORAMIENTO EN MATERIA INMOBILIARIA","L"
"71110","ALQUILER DE EQUIPO DE TRANSPORTE POR VIA TERRESTRE SIN PERSONAL","L"
"71120","ALQUILER DE EQUIPO DE TRANSPORTE POR VIA ACUATICA SIN PERSONAL","L"
"71130","ALQUILER DE EQUIPO DE TRANSPORTE POR VIA AEREA SIN PERSONAL NI TRIPULACION","L"
"71210","ALQUILER DE MAQUINARIA Y EQUIPO AGROPECUARIO SIN PERSONAL","L"
"71220","ALQUILER DE MAQUINARIA Y EQUIPO DE CONSTRUCCION E INGENIERIA CIVIL SIN PERSONAL","L"
"71230","ALQUILER DE MAQUINARIA Y EQUIPO DE OFICINA (INCLUSO COMPUTADORAS)","L"
"71290","ALQUILER DE OTROS TIPOS DE MAQUINARIA Y EQUIPO SIN PERSONAL NCP","L"
"71300","ALQUILER DE EFECTOS PERSONALES Y ENSERES DOMESTICOS NCP","L"
"72100","SERVICIOS DE CONSULTORES EN EQUIPO DE INFORMATICA","L"
"72200","SERVICIOS DE CONSULTORES EN INFORMATICA Y SUMINISTRO DE PROGRAMAS DE INFORMATICA","L"
"72300","PROCESAMIENTO DE DATOS","L"
"72400","SERVICIOS RELACIONADOS CON BASES DE DATOS","L"
"72500","SERVICIOS DE MANTENIMIENTO Y REPARACION DE MAQUINARIA DE OFICINA CONTABILIDAD E INFORMATICA","L"
"72900","OTRAS ACTIVIDADES DE INFORMATICA","L"
"73101","SERVICIO DE INVESTIGACION Y DESARROLLO EN  CIENCIAS NATURALES","L"
"73102","SERVICIO DE INVESTIGACION Y DESARROLLO EN INGENIERIA","L"
"73200","INVESTIGACIONES Y DESARROLLO EXPERIMENTAL EN EL CAMPO DE LAS CIENCIAS SOCIALES Y LAS HUMANIDADES","L"
"74110","SERVICIOS JURIDICOS","L"
"74120","SERVICIOS DE CONTABILIDAD TENEDURIA DE LIBROS Y AUDITORIA; ASESORAMIENTO EN MATERIA DE IMPUESTOS","L"
"74130","ESTUDIOS DE MERCADO Y REALIZACION DE ENCUESTAS DE OPINION PUBLICA","L"
"74140","SERVICIO DE ASESORAMIENTO ORIENTACION Y GESTION EMPRESARIAL","L"
"74211","SERVICIOS DE ARQUITECTURA","L"
"74212","SERVICIOS DE INGENIERIA","L"
"74213","SERVICIOS GEOLOGICOS Y  DE PROSPECCION MINERA","L"
"74214","SERVICIOS GEOLOGICOS Y  DE PROSPECCION PETROLERA","L"
"74219","OTROS SERVICIOS DE ACTIVIDADES TECNICAS","L"
"74220","SERVICIOS DE ENSAYOS Y ANALISIS TECNICOS","L"
"74300","SERVICIOS DE PUBLICIDAD","L"
"74910","OBTENCION Y DOTACION DE PERSONAL","L"
"74921","SERVICIOS DE TRANSPORTE DE CAUDALES Y OBJETOS DE VALOR","L"
"74922","SERVICIOS DE INVESTIGACION Y SEGURIDAD PERSONAL","L"
"74930","SERVICIOS DE LIMPIEZA DE EDIFICIOS","L"
"74940","SERVICIOS DE FOTOGRAFIA","L"
"74950","SERVICIOS DE ENVASE Y EMPAQUE","L"
"74960","SERVICIOS DE FOTOCOPIAS IMPRESION HELIOGRAFICA Y OTRAS FORMAS DE REPRODUCCION","L"
"74990","OTROS SERVICIOS EMPRESARIALES NCP","L"
"75110","ADMINISTRACION PUBLICA","M"
"75120","REGULACION DE LAS ACTIVIDADES DE ORGANISMOS QUE PRESTAN SERVICIOS SANITARIOS EDUCATIVOS CULTURALES Y OTROS SERVICIOS SOCIALES EXCEPTO SERVICIOS DE SEGURIDAD SOCIAL","M"
"75130","REGULACION Y FACILITACION DE LA ACTIVIDAD ECONOMICA","M"
"75140","ACTIVIDADES DE SERVICIOS AUXILIARES PARA LA ADMINISTRACION PUBLICA EN GENERAL","M"
"75210","RELACIONES EXTERIORES","M"
"75220","ACTIVIDADES DE DEFENSA","M"
"75231","ACTIVIDADES DE SERVICIOS JUDICIALES Y DE JUSTICIA","M"
"75232","ACTIVIDADES DE SERVICIOS DE ORDEN PUBLICO Y DE SEGURIDAD","M"
"75300","ACTIVIDADES DE PLANES DE SEGURIDAD SOCIAL DE AFILIACION OBLIGATORIA","M"
"80101","EDUCACION  INICIAL","N"
"80102","EDUCACION PRIMARIA","N"
"80210","EDUCACION SECUNDARIA DE FORMACION GENERAL","N"
"80220","EDUCACION SECUNDARIA DE FORMACION TECNICA Y PROFESIONAL","N"
"80301","FORMACION SUPERIOR NO UNIVERSITARIA","N"
"80302","EDUCACION SUPERIOR UNIVERSITARIA","N"
"80303","EDUCACION SUPERIOR DE ESPECIALIZACION Y POSTGRADO","N"
"80901","EDUCACION DE ADULTOS","N"
"80902","ENSENANZA COMERCIAL CONTABLE Y SECRETARIADO","N"
"80903","ENSENANZA DE ARTES","N"
"80904","ENSENANZA PARA LA PRESTACION DE SERVICIOS (HOTELERIA REPOSTERIA CONFECCION PELUQUERIA  ETC)","N"
"80905","ENSENANZA PARA LA CONDUCCION DE AUTOMOTORES Y AVIONES","N"
"80906","ENSENANZA DE IDIOMAS","N"
"80907","ENSENANZA DE INFORMATICA Y COMPUTACION","N"
"80908","ENSENANZA PARA PERSONAS DISCAPACITADAS","N"
"80909","OTRAS ENSENANZAS NCP","N"
"85110","SERVICIOS HOSPITALARIOS","O"
"85121","SERVICIO DE ATENCION MEDICA EN CLINICAS","O"
"85122","SERVICIOS DE CONSULTAS MEDICAS","O"
"85123","SERVICIOS DE ODONTOLOGIA","O"
"85191","SERVICIOS DE LABORATORIOS CLINICOS","O"
"85192","SERVICIOS DE CENTROS RADIOLOGICOS","O"
"85193","SERVICIOS DE CENTROS TERAPEUTICOS","O"
"85199","OTROS SERVICIOS RELACIONADOS CON LA SALUD HUMANA NCP","O"
"85200","SERVICIOS  VETERINARIOS","O"
"85311","SERVICIOS DE ASISTENCIA SOCIAL A NINOS CON ALOJAMIENTO","O"
"85312","SERVICIOS DE ASISTENCIA SOCIAL A JOVENES CON ALOJAMIENTO","O"
"85313","SERVICIOS DE ASISTENCIA SOCIAL A ANCIANOS CON ALOJAMIENTO","O"
"85314","SERVICIOS DE ASISTENCIA SOCIAL A PERSONAS DISCAPACITADAS CON ALOJAMIENTO","O"
"85315","SERVICIOS DE ASISTENCIA SOCIAL EN CENTROS DE REHABILITACION","O"
"85319","OTROS SERVICIOS DE ASISTENCIA SOCIAL CON ALOJAMIENTO NCP","O"
"85321","SERVICIOS SOCIALES A NINOS SIN ALOJAMIENTO","O"
"85322","SERVICIOS SOCIALES DE ORIENTACION Y ASESORAMIENTO SIN ALOJAMIENTO","O"
"85323","SERVICIOS SOCIALES DE ORIENTACION FAMILIAR","O"
"85324","SERVICIOS SOCIALES A PERSONAS DISCAPACITADAS SIN ALOJAMIENTO","O"
"85325","SERVICIOS DE ASISTENCIA SOCIAL EN CENTROS DE REHABILITACION","O"
"85329","OTROS SERVICIOS DE ASISTENCIA SOCIAL SIN ALOJAMIENTO NCP","O"
"90001","SERVICIOS DE DEPURACION DE AGUAS RESIDUALES Y ALCANTARILLADO Y CLOACAS","O"
"90002","SERVICIOS DE LIMPIEZA DE VIAS PUBLICAS Y TRATAMIENTO DE DESECHOS","O"
"91110","SERVICIOS DE ORGANIZACIONES EMPRESARIALES Y DE EMPLEADORES","O"
"91120","SERVICIOS DE ORGANIZACIONES PROFESIONALES","O"
"91200","SERVICIOS DE SINDICATOS","O"
"91910","SERVICIOS DE ORGANIZACIONES RELIGIOSAS","O"
"91920","SERVICIOS DE ORGANIZACIONES POLITICAS","O"
"91990","SERVICIOS DE OTRAS ASOCIACIONES NCP","O"
"92110","PRODUCCION Y DISTRIBUCION DE FILMES Y CINTAS DE VIDEO","O"
"92120","EXHIBICION DE FILMES Y VIDEOCINTAS","O"
"92131","SERVICIOS DE RADIO","O"
"92132","SERVICIOS DE PROGRAMAS DE TELEVISION","O"
"92141","CREACION E INTERPRETACION ARTISTICA Y LITERARIA","O"
"92142","PRODUCCION DE ESPECTACULOS","O"
"92143","OTRAS ACTIVIDADES RELACIONADAS CON EL ESPECTACULO","O"
"92191","SERVICIOS DE SALONES DE BAILE DISCOTECAS Y SIMILARES","O"
"92199","OTROS SERVICIOS DE ENTRETENIMIENTO NCP","O"
"92200","SERVICIO DE AGENCIAS DE NOTICIAS","O"
"92310","SERVICIOS DE BIBLIOTECAS Y ARCHIVOS","O"
"92320","SERVICIOS DE MUSEOS Y PRESERVACION DE LUGARES Y EDIFICIOS HISTORICOS","O"
"92330","SERVICIOS DE JARDINES BOTANICOS Y ZOOLOGICOS Y DE PARQUES NACIONALES","O"
"92411","SERVICIOS DE ORGANIZACION DIRECCION Y GESTION DE PRACTICAS DEPORTIVAS Y EXPLOTACION DE LAS INSTALACIONES","O"
"92412","SERVICIOS PRESTADOS POR ESCUELAS PROFESIONALES Y TECNICOS PARA LA REALIZACION DE PRACTICAS DEPORTIVAS","O"
"92491","SERVICIOS DE ESPARCIMIENTO RELACIONADAS CON JUEGOS DE AZAR Y APUESTAS","O"
"92492","SERVICIOS DE SALONES DE JUEGOS","O"
"92499","OTROS SERVICIOS DE ACTIVIDADES DE ESPARCIMIENTO NCP","O"
"93010","SERVICIOS DE LAVADO Y LIMPIEZA DE PRENDAS DE TELA Y DE PIEL INCLUSO LA LIMPIEZA EN SECO","O"
"93020","SERVICIOS DE PELUQUERIA Y OTROS TRATAMIENTOS DE BELLEZA","O"
"93030","SERVICIOS FUNERARIOS Y ACTIVIDADES CONEXAS","O"
"93091","SERVICIO PARA EL MANTENIMIENTO FISICO-CORPORAL","O"
"93099","OTROS SERVICIOS NCP","O"
"95000","SERVICIO DE HOGARES PRIVADOS QUE CONTRATAN SERVICIO DOMESTICO","P"
"98000","SERVICIO DE ORGANIZACIONES Y ORGANOS EXTRATERRITORIALES","Q"
"99001","JUBILADOS O RENTISTAS","Z"
"99002","ESTUDIANTES","Z"
"99003","AMAS DE CASA","Z"
